No,Product Type,Keywords
1,SaaS (General),"app, b2b, cloud, general, saas, software, subscription"
2,Micro SaaS,"indie, micro-saas, niche, solo, bootstrap, micro, side-project, solopreneur, small-team, indie-hacker, product-hunt"
3,E-commerce,"buy, commerce, e, ecommerce, products, retail, sell, shop, store"
4,E-commerce Luxury,"buy, commerce, e, ecommerce, elegant, exclusive, high-end, luxury, premium, products, retail, sell, shop, store"
5,B2B Service,"b2b, enterprise, consulting, professional, solution, contract, corporate, strategy, advisory, roi, deliverable, whitepaper"
6,Financial Dashboard,"portfolio, trading, pnl, budget, revenue, expense, cashflow, balance-sheet, investment, bank, accounting, fintech"
7,Analytics Dashboard,"kpi, metric, funnel, conversion, cohort, retention, segment, attribution, ab-test, dashboard-data, business-intelligence"
8,Healthcare App,"app, clinic, health, healthcare, medical, patient"
9,Educational App,"app, course, education, educational, learning, school, training"
10,Creative Agency,"branding, identity, portfolio, logo, visual, rebrand, creative-director, campaign, awards, award-winning, showreel"
11,Portfolio/Personal,"creative, personal, portfolio, projects, showcase, work"
12,Gaming,"entertainment, esports, game, gaming, play"
13,Government/Public Service,"government, civic, municipal, federal, citizen, public, administration, permit, tax, voter, transparency, regulation"
14,Fintech/Crypto,"banking, blockchain, crypto, defi, finance, fintech, money, nft, payment, web3"
15,Social Media App,"app, community, content, entertainment, media, network, sharing, social, streaming, users, video"
16,Productivity Tool,"collaboration, productivity, project, task, tool, workflow"
17,Design System/Component Library,"component, design, library, system"
18,AI/Chatbot Platform,"ai, artificial-intelligence, automation, chatbot, machine-learning, ml, platform"
19,NFT/Web3 Platform,"nft, platform, web"
20,Creator Economy Platform,"creator, economy, platform"
21,Remote Work/Collaboration Tool,"collaboration, remote, tool, work"
22,Mental Health App,"app, health, mental"
23,Pet Tech App,"app, pet, tech"
24,Smart Home/IoT Dashboard,"admin, analytics, dashboard, data, home, iot, panel, smart"
25,EV/Charging Ecosystem,"charging, ecosystem, ev"
26,Subscription Box Service,"subscription, box, recurring, membership, unboxing, curated, plan, monthly, surprise, product-box"
27,Podcast Platform,"platform, podcast"
28,Dating App,"app, dating"
29,Micro-Credentials/Badges Platform,"badges, credentials, micro, platform"
30,Knowledge Base/Documentation,"base, documentation, knowledge"
31,Hyperlocal Services,"hyperlocal, local, neighborhood, nearby, community, nearby, zip, map, local-business, geo-target, city"
32,Beauty/Spa/Wellness Service,"spa, beauty, salon, wellness, treatment, relaxation, massage, skincare, facial, aesthetic, self-care, pamper"
33,Luxury/Premium Brand,"brand, elegant, exclusive, high-end, luxury, premium"
34,Restaurant/Food Service,"restaurant, menu, order, food, dining, reservation, delivery, cuisine, chef, table, takeaway, eatery"
35,Fitness/Gym App,"app, exercise, fitness, gym, health, workout"
36,Real Estate/Property,"buy, estate, housing, property, real, real-estate, rent"
37,Travel/Tourism Agency,"travel, tourism, vacation, flight, hotel, destination, adventure, cruise, safari, backpacking, guided-tour, holiday-package"
38,Hotel/Hospitality,"hospitality, hotel"
39,Wedding/Event Planning,"conference, event, meetup, planning, registration, ticket, wedding"
40,Legal Services,"law, attorney, legal, case, compliance, contract, court, firm, counsel, litigation, practice-area, jurisdiction"
41,Insurance Platform,"insurance, platform"
42,Banking/Traditional Finance,"banking, finance, traditional"
43,Online Course/E-learning,"course, e, learning, online"
44,Non-profit/Charity,"charity, non, profit"
45,Music Streaming,"music, streaming"
46,Video Streaming/OTT,"ott, streaming, video"
47,Job Board/Recruitment,"board, job, recruitment"
48,Marketplace (P2P),"buyers, listings, marketplace, p, platform, sellers"
49,Logistics/Delivery,"delivery, logistics"
50,Agriculture/Farm Tech,"agriculture, farm, tech"
51,Construction/Architecture,"architecture, construction"
52,Automotive/Car Dealership,"automotive, car, dealership"
53,Photography Studio,"photography, studio"
54,Coworking Space,"coworking, space"
55,Home Services (Plumber/Electrician),"plumber, electrician, hvac, handyman, repair, maintenance, home, emergency, leak, wiring, inspection, licensed"
56,Childcare/Daycare,"childcare, daycare"
57,Senior Care/Elderly,"care, elderly, senior"
58,Medical Clinic,"clinic, medical"
59,Pharmacy/Drug Store,"drug, pharmacy, store"
60,Dental Practice,"dental, practice"
61,Veterinary Clinic,"clinic, veterinary"
62,Florist/Plant Shop,"florist, plant, shop"
63,Bakery/Cafe,"bakery, cafe"
64,Brewery/Winery,"brewery, winery"
65,Airline,"airline, aviation, flight, travel, booking, airport, flying"
66,News/Media Platform,"content, entertainment, media, news, platform, streaming, video"
67,Magazine/Blog,"articles, blog, content, magazine, posts, writing"
68,Freelancer Platform,"freelancer, platform"
69,Marketing Agency,"campaign, ads, growth, roi, seo, sem, ppc, social-media, conversion-funnel, ab-test, attribution, performance-marketing"
70,Event Management,"conference, event, management, meetup, registration, ticket"
71,Membership/Community,"community, membership"
72,Newsletter Platform,"newsletter, platform"
73,Digital Products/Downloads,"digital, downloads, products"
74,Church/Religious Organization,"church, organization, religious"
75,Sports Team/Club,"club, sports, team"
76,Museum/Gallery,"gallery, museum"
77,Theater/Cinema,"cinema, theater"
78,Language Learning App,"app, language, learning"
79,Coding Bootcamp,"bootcamp, coding"
80,Cybersecurity Platform,"cyber, security, platform"
81,Developer Tool / IDE,"dev, developer, tool, ide"
82,Biotech / Life Sciences,"biotech, biology, science"
83,Space Tech / Aerospace,"aerospace, space, tech"
84,Architecture / Interior,"architecture, design, interior"
85,Quantum Computing Interface,"quantum, computing, physics, qubit, future, science"
86,Biohacking / Longevity App,"biohacking, health, longevity, tracking, wellness, science"
87,Autonomous Drone Fleet Manager,"drone, autonomous, fleet, aerial, logistics, robotics"
88,Generative Art Platform,"art, generative, ai, creative, platform, gallery"
89,Spatial Computing OS / App,"spatial, vr, ar, vision, os, immersive, mixed-reality"
90,Sustainable Energy / Climate Tech,"climate, energy, sustainable, green, tech, carbon"
91,Personal Finance Tracker,"budget, expense, money, finance, spending, savings, tracker, personal, wallet"
92,Chat & Messaging App,"chat, message, messenger, im, realtime, conversation, inbox, dm, whatsapp, telegram"
93,Notes & Writing App,"notes, memo, writing, editor, notebook, markdown, journal, notion, obsidian"
94,Habit Tracker,"habit, streak, routine, daily, tracker, goals, consistency, discipline"
95,Food Delivery / On-Demand,"delivery, food, order, uber-eats, doordash, takeout, on-demand, courier"
96,Ride Hailing / Transportation,"ride, taxi, uber, lyft, transport, carpool, driver, trip, fare"
97,Recipe & Cooking App,"recipe, cooking, food, kitchen, cookbook, meal, ingredient, chef"
98,Meditation & Mindfulness,"meditation, mindfulness, calm, breathe, wellness, relaxation, sleep, headspace"
99,Weather App,"weather, forecast, temperature, climate, rain, sun, location, humidity"
100,Diary & Journal App,"diary, journal, personal, daily, reflection, mood, gratitude, writing"
101,CRM & Client Management,"crm, client, customer, sales, pipeline, contact, lead, deal, hubspot"
102,Inventory & Stock Management,"inventory, stock, warehouse, product, barcode, supply, sku, management"
103,Flashcard & Study Tool,"flashcard, quiz, study, spaced-repetition, anki, learn, memory, exam"
104,Booking & Appointment App,"booking, appointment, schedule, calendar, reservation, slot, service"
105,Invoice & Billing Tool,"invoice, billing, payment, receipt, freelance, estimate, quote, accounting"
106,Grocery & Shopping List,"grocery, shopping, list, supermarket, checklist, pantry, meal-plan, buy"
107,Timer & Pomodoro,"timer, pomodoro, countdown, stopwatch, focus, clock, productivity, interval"
108,Parenting & Baby Tracker,"baby, parenting, child, feeding, sleep, diaper, milestone, family, newborn"
109,Scanner & Document Manager,"scanner, document, ocr, pdf, scan, camera, file, archive, digitize"
110,Calendar & Scheduling App,"calendar, scheduling, planner, agenda, events, reminder, appointment, organize, date, sync"
111,Password Manager,"password, security, vault, credentials, login, secure, encrypt, keychain, 2fa, biometric"
112,Expense Splitter / Bill Split,"split, expense, bill, aa, share, friends, group, settle, debt, payment, owe"
113,Voice Recorder & Memo,"voice, recorder, memo, audio, transcription, dictate, recording, microphone, note, otter"
114,Bookmark & Read-Later,"bookmark, read-later, save, article, pocket, link, reading, archive, collection, raindrop"
115,Translator App,"translate, language, text, voice, ocr, dictionary, multilingual, real-time, detect, deepl"
116,Calculator & Unit Converter,"calculator, converter, unit, math, currency, measurement, scientific, formula, percentage"
117,Alarm & World Clock,"alarm, clock, world, timezone, timer, wake, sleep, schedule, reminder, bedtime"
118,File Manager & Transfer,"file, manager, transfer, folder, document, storage, cloud, share, organize, compress"
119,Email Client,"email, mail, inbox, compose, thread, newsletter, filter, reply, gmail, spark, superhuman"
120,Casual Puzzle Game,"puzzle, casual, match, brain, game, relaxing, level, tiles, logic, block, three"
121,Trivia & Quiz Game,"trivia, quiz, knowledge, question, answer, challenge, leaderboard, fact, brain, compete"
122,Card & Board Game,"card, board, chess, checkers, poker, strategy, turn-based, multiplayer, classic, tabletop"
123,Idle & Clicker Game,"idle, clicker, incremental, passive, cookie, adventure, progress, offline, collect, prestige"
124,Word & Crossword Game,"word, crossword, wordle, spelling, vocabulary, letters, grid, puzzle, dictionary, daily"
125,Arcade & Retro Game,"arcade, retro, 8bit, action, shoot, runner, tap, reflex, endless, pixel, classic, score"
126,Photo Editor & Filters,"photo, edit, filter, vsco, snapseed, enhance, crop, retouch, adjust, luts, preset, adjust"
127,Short Video Editor,"video, edit, capcut, inshot, clip, reel, tiktok, trim, effects, transitions, music, timeline"
128,Drawing & Sketching Canvas,"drawing, sketch, procreate, canvas, paint, illustration, digital, brush, layers, art, stylus"
129,Music Creation & Beat Maker,"music, beat, daw, garageband, create, loop, sample, instrument, track, compose, record, midi"
130,Meme & Sticker Maker,"meme, sticker, maker, funny, caption, template, edit, share, viral, emoji, creator, reaction"
131,AI Photo & Avatar Generator,"ai, photo, avatar, lensa, portrait, generate, selfie, style, filter, prisma, art"
132,Link-in-Bio Page Builder,"bio, link, linktree, personal, page, creator, social, portfolio, profile, landing, custom"
133,Wardrobe & Outfit Planner,"wardrobe, outfit, fashion, clothes, closet, style, wear, plan, capsule, ootd, lookbook"
134,Plant Care Tracker,"plant, care, water, garden, tracker, reminder, species, photo, grow, health, planta"
135,Book & Reading Tracker,"book, reading, tracker, goodreads, library, shelf, progress, review, notes, goal, literature"
136,Couple & Relationship App,"couple, relationship, partner, love, date, anniversary, memory, shared, intimate, between"
137,Family Calendar & Chores,"family, calendar, chores, tasks, household, shared, kids, schedule, cozi, organize, member"
138,Mood Tracker,"mood, emotion, feeling, mental, daily, journal, wellbeing, check-in, log, track, daylio"
139,Gift & Wishlist,"gift, wishlist, present, birthday, occasion, registry, idea, shop, list, share, surprise"
140,Running & Cycling GPS,"running, cycling, gps, strava, track, route, speed, distance, cadence, pace, workout, sport"
141,Yoga & Stretching Guide,"yoga, stretch, flexibility, pose, asana, guided, session, calm, routine, wellness, down-dog"
142,Sleep Tracker,"sleep, tracker, alarm, cycle, quality, snore, analysis, rem, deep, smart, wake, insomnia"
143,Calorie & Nutrition Counter,"calorie, nutrition, food, diet, macro, protein, carb, fat, log, fitness, myfitnesspal"
144,Period & Cycle Tracker,"period, cycle, menstrual, fertility, ovulation, pms, log, women, health, flo, clue, hormone"
145,Medication & Pill Reminder,"medication, pill, reminder, dose, schedule, prescription, drug, health, medisafe, refill"
146,Water & Hydration Reminder,"water, hydration, drink, reminder, daily, tracker, glasses, intake, health, cup, aqua"
147,Fasting & Intermittent Timer,"fasting, intermittent, 16:8, timer, fast, eating, window, keto, diet, zero, weight, protocol"
148,Anonymous Community / Confession,"anonymous, community, confess, whisper, secret, vent, share, safe, private, social, yikyak"
149,Local Events & Discovery,"local, events, discovery, meetup, nearby, social, city, activities, calendar, community, explore"
150,Study Together / Virtual Coworking,"study, focus, cowork, pomodoro, virtual, together, session, accountability, live, stream, room"
151,Coding Challenge & Practice,"coding, leetcode, challenge, algorithm, practice, programming, competitive, skill, interview, problem"
152,Kids Learning (ABC & Math),"kids, children, learning, abc, math, phonics, numbers, education, games, preschool, early"
153,Music Instrument Learning,"music, instrument, piano, guitar, learn, lesson, tutorial, notes, play, chord, practice, simply"
154,Parking Finder,"parking, spot, finder, map, pay, meter, garage, location, car, reserve, spothero"
155,Public Transit Guide,"transit, bus, metro, subway, train, route, schedule, map, city, commute, trip, citymapper"
156,Road Trip Planner,"road, trip, drive, route, planner, travel, stop, map, adventure, scenic, car, wanderlog"
157,VPN & Privacy Tool,"vpn, privacy, secure, anonymous, encrypt, proxy, ip, protect, shield, network, nordvpn"
158,Emergency SOS & Safety,"emergency, sos, safety, alert, location, help, danger, crisis, first-aid, guard, bsafe"
159,Wallpaper & Theme App,"wallpaper, theme, background, customize, aesthetic, home-screen, lock-screen, widget, design, zedge"
160,White Noise & Ambient Sound,"white noise, ambient, sound, sleep, focus, rain, nature, relax, concentration, background, noisli"
161,Home Decoration & Interior Design,"home, interior, decor, design, furniture, room, renovation, ar, plan, inspire, 3d, houzz"
162,Academic Journal / Scholarly Publishing,"academic, journal, paper, research, peer-review, open-access, scholarly, publication, citation, manuscript, issn, doi"
163,API Developer Portal,"api, developer, documentation, sdk, endpoint, integration, rest, graphql, webhook, reference, getting-started, auth"
164,Forum / Discussion Board,"forum, discussion, thread, post, reply, community, comment, moderation, subreddit, stackexchange, topic"
165,Directory / Listing Site,"directory, listing, classifieds, catalogue, business-directory, yellow-pages, venue, find, search, filter, map"
166,Status Page / Incident Management,"status, incident, outage, uptime, downtime, statuspage, monitoring, sla, maintenance, sev1, postmortem"
167,Wiki / Encyclopedia,"wiki, encyclopedia, knowledge, article, reference, wikipedia, documentation, collaborative, edit, version, citation"
168,Auction Platform,"auction, bid, hammer, lot, live-auction, bidding-war, estate-sale, proxibid, gavel, lot-number, reserve-price"
169,Changelog / Release Notes,"changelog, release-notes, version-history, whats-new, product-updates, semver, patch-notes, release-tracker"
170,Citizen Science Platform,"citizen-science, zooniverse, crowdsourced-research, volunteer-science, public-participation, distributed-research, citizen-researcher"
171,Classifieds / Buy-Sell,"classifieds, buy-sell, craigslist, secondhand, marketplace-listing, for-sale, trade, flea-market, thrift, resell"
172,Conference / Symposium Landing Page,"conference, symposium, summit, cfp, call-for-papers, speaker-lineup, registration, venue, proceedings, keynote, track"
173,Crowdfunding Platform,"crowdfunding, kickstarter, indiegogo, campaign, backer, pledge, funding-goal, stretch-goal, reward-tier, all-or-nothing"
174,Digital Signage / Kiosk,"digital-signage, kiosk, interactive-display, touchscreen, wayfinding, lobby-display, menu-board, point-of-sale-display"
175,E-signature / Document Workflow,"esignature, e-sign, docusign, digital-signature, document-workflow, approval-chain, contract-signing, signing-ceremony"
176,Feature Flag / Config Management,"feature-flag, config, launchdarkly, feature-toggle, experiment, rollout, kill-switch, a-b-test-config, percentage-rollout"
177,Government Portal / Civic Services,"government-portal, civic-services, city-hall, permit-application, tax-payment, voter-registration, public-records, municipal-online"
178,Grant / Funding Portal,"grant, funding, rfp, proposal, research-grant, foundation, fellowship, award, application-portal, funding-opportunity"
179,LMS (Learning Management System),"lms, course-management, learning-management, canvas, moodle, blackboard, enrollment, gradebook, syllabus, assignment-submit"
180,No-code / Low-code Builder,"no-code, low-code, builder, bubble, webflow, drag-drop, visual-builder, app-builder, workflow-builder, logic-blocks"
181,Open Source Project Landing,"open-source, github-project, oss, contributor, star, fork, pull-request, maintainer, sponsoring, readme, repository"
182,Patient Portal / Health Records,"patient-portal, health-records, ehr, emr, mychart, lab-results, prescription-refill, medical-history, test-results, care-team"
183,Patent / IP Database,"patent, intellectual-property, trademark, prior-art, uspto, wipo, invention, ip-portfolio, patent-search, claims"
184,Q&A Community Platform,"qa, stack-overflow, question-answer, knowledge-sharing, community-qa, expert-answer, upvote, accepted-answer, reputation"
185,Research Lab / University Department,"research-lab, university-department, academic-lab, principal-investigator, lab-members, publications, research-group, pi-page"
186,Resume / CV Builder,"resume, cv, builder, job-search, curriculum-vitae, portfolio-resume, cover-letter, career-builder, ats-friendly"
187,Review Platform,"review, rating, yelp, trustpilot, testimonial, customer-review, star-rating, verified-purchase, pros-cons"
188,RPA / Automation Dashboard,"rpa, robotic-process-automation, uipath, automation-anywhere, bot-orchestrator, process-discovery, attended-bot, unattended-bot"
189,Survey / Form Builder,"survey, form-builder, questionnaire, typeform, survey-monkey, poll, feedback-form, multi-step-form, nps-survey, logic-jump"
190,Telemedicine Platform,"telemedicine, telehealth, virtual-visit, remote-consultation, video-doctor, remote-patient-monitoring, telehealth-app"
191,Testimonial & Social Proof Widget,"testimonial, social-proof, wall-of-love, customer-quote, case-study, review-widget, trust-signal, user-story"
192,Ticketing / Box Office,"ticketing, box-office, eventbrite, ticket-sales, seat-selection, will-call, qr-ticket, venue-capacity, will-call-pickup"
